<?xml version="1.0" encoding="UTF-8"?>
<!DOCTYPE suite SYSTEM "https://testng.org/testng-1.0.dtd">
<suite name="Parallel Execution Suite" parallel="tests" thread-count="4" verbose="1">
    <test name="CBAPS Thread 1" parallel="methods" thread-count="2">
        <classes>
            <class name="com.playwright.cbaps.tests.CBAPSEndToEndTests"/>
        </classes>
    </test>
    
    <test name="CBAPS API Thread 2">
        <classes>
            <class name="com.playwright.cbaps.api.CBAPS_APITests"/>
        </classes>
    </test>
</suite>
