<?xml version="1.0" encoding="UTF-8"?>
<!DOCTYPE suite SYSTEM "https://testng.org/testng-1.0.dtd">
<suite name="Parallel Execution Suite" parallel="tests" thread-count="2" verbose="1">
    <test name="CBAPS Parallel Tests">
        <classes>
            <class name="com.automation.cbaps.tests.CBAPSEndToEndTests"/>
        </classes>
    </test>
    
    <test name="DAWMS Parallel Tests">
        <classes>
            <class name="com.automation.dawms.tests.DAWMSEndToEndTests"/>
        </classes>
    </test>
</suite>
