<?xml version="1.0" encoding="UTF-8"?>
<!DOCTYPE suite SYSTEM "https://testng.org/testng-1.0.dtd">
<suite name="CBAPS and DAWMS Automation Suite" verbose="1">
    <test name="CBAPS Tests" preserve-order="true">
        <classes>
            <class name="com.automation.cbaps.tests.CBAPSEndToEndTests"/>
        </classes>
    </test>
    
    <test name="DAWMS Tests" preserve-order="true">
        <classes>
            <class name="com.automation.dawms.tests.DAWMSEndToEndTests"/>
        </classes>
    </test>
</suite>
